games_played,res_win_ratio
1,0.0
2,0.0
3,0.33333
4,0.25
5,0.2
6,0.16667
7,0.28571
8,0.375
9,0.33333
10,0.3
11,0.27273
12,0.33333
13,0.30769
14,0.28571
15,0.26667
16,0.25
17,0.29412
18,0.27778
19,0.31579
20,0.3
21,0.28571
22,0.27273
23,0.26087
24,0.25
25,0.28
26,0.26923
27,0.25926
28,0.25
29,0.27586
30,0.26667
31,0.25806
32,0.25
33,0.24242
34,0.26471
35,0.28571
36,0.30556
37,0.2973
38,0.31579
39,0.30769
40,0.3
41,0.29268
42,0.28571
43,0.30233
44,0.29545
45,0.28889
46,0.30435
47,0.29787
48,0.29167
49,0.30612
50,0.3
51,0.29412
52,0.30769
53,0.30189
54,0.2963
55,0.29091
56,0.28571
57,0.29825
58,0.31034
59,0.30508
60,0.3
61,0.31148
62,0.32258
63,0.33333
64,0.32812
65,0.32308
66,0.31818
67,0.32836
68,0.33824
69,0.34783
70,0.34286
71,0.33803
72,0.33333
73,0.34247
74,0.33784
75,0.34667
76,0.34211
77,0.33766
78,0.33333
79,0.34177
80,0.35
81,0.35802
82,0.35366
83,0.36145
84,0.36905
85,0.36471
86,0.36047
87,0.35632
88,0.35227
89,0.34831
90,0.34444
91,0.34066
92,0.34783
93,0.35484
94,0.3617
95,0.36842
96,0.375
97,0.37113
98,0.36735
99,0.36364
100,0.36
101,0.35644
102,0.36275
103,0.35922
104,0.35577
105,0.35238
106,0.34906
107,0.34579
108,0.34259
109,0.33945
110,0.34545
111,0.34234
112,0.33929
113,0.34513
114,0.35088
115,0.34783
116,0.34483
117,0.34188
118,0.33898
119,0.33613
120,0.33333
121,0.33058
122,0.32787
123,0.3252
124,0.32258
125,0.328
126,0.3254
127,0.32283
128,0.32031
129,0.31783
130,0.32308
131,0.32061
132,0.31818
133,0.31579
134,0.31343
135,0.31111
136,0.31618
137,0.32117
138,0.31884
139,0.32374
140,0.32143
141,0.31915
142,0.32394
143,0.32867
144,0.32639
145,0.32414
146,0.32877
147,0.32653
148,0.32432
149,0.32215
150,0.32
151,0.31788
152,0.31579
153,0.32026
154,0.31818
155,0.31613
156,0.3141
157,0.3121
158,0.31013
159,0.31447
160,0.3125
161,0.31056
162,0.30864
163,0.30675
164,0.30488
165,0.30303
166,0.3012
167,0.2994
168,0.29762
169,0.29586
170,0.29412
171,0.2924
172,0.2907
173,0.28902
174,0.2931
175,0.29143
176,0.28977
177,0.28814
178,0.28652
179,0.28492
180,0.28333
181,0.28177
182,0.28022
183,0.27869
184,0.27717
185,0.27568
186,0.27419
187,0.27273
188,0.27128
189,0.26984
190,0.26842
191,0.26702
192,0.26562
193,0.26425
194,0.26804
195,0.27179
196,0.27041
197,0.26904
198,0.26768
199,0.26633
200,0.265
201,0.26866
202,0.26733
203,0.26601
204,0.26961
205,0.27317
206,0.27184
207,0.27053
208,0.26923
209,0.26794
210,0.26667
211,0.2654
212,0.26415
213,0.26291
214,0.26636
215,0.26512
216,0.26389
217,0.26267
218,0.26147
219,0.26027
220,0.26364
221,0.26697
222,0.26577
223,0.26457
224,0.26339
225,0.26222
226,0.26549
227,0.26872
228,0.26754
229,0.26638
230,0.26522
231,0.2684
232,0.26724
233,0.26609
234,0.26496
235,0.26809
236,0.26695
237,0.26582
238,0.26891
239,0.26778
240,0.26667
241,0.26556
242,0.26446
243,0.26337
244,0.2623
245,0.26531
246,0.26423
247,0.26316
248,0.2621
249,0.26104
250,0.26
251,0.26295
252,0.2619
253,0.26087
254,0.25984
255,0.25882
256,0.25781
257,0.2607
258,0.26357
259,0.26255
260,0.26154
261,0.26054
262,0.26336
263,0.26616
264,0.26515
265,0.26415
266,0.26692
267,0.26592
268,0.26493
269,0.26394
270,0.26296
271,0.26199
272,0.26103
273,0.26007
274,0.25912
275,0.25818
276,0.25725
277,0.25632
278,0.25899
279,0.26165
280,0.26071
281,0.25979
282,0.25887
283,0.26148
284,0.26056
285,0.25965
286,0.25874
287,0.25784
288,0.25694
289,0.25606
290,0.25517
291,0.2543
292,0.25342
293,0.25597
294,0.2551
295,0.25424
296,0.25338
297,0.25589
298,0.25503
299,0.25418
300,0.25333
301,0.25249
302,0.25497
303,0.25743
304,0.25658
305,0.25574
306,0.25817
307,0.25733
308,0.25649
309,0.25566
310,0.25484
311,0.25402
312,0.25321
313,0.2524
314,0.25478
315,0.25397
316,0.25633
317,0.25868
318,0.25786
319,0.25705
320,0.25625
321,0.25857
322,0.26087
323,0.26006
324,0.25926
325,0.26154
326,0.26074
327,0.25994
328,0.25915
329,0.25836
330,0.25758
331,0.25982
332,0.25904
333,0.26126
334,0.26347
335,0.26269
336,0.2619
337,0.26113
338,0.26036
339,0.25959
340,0.26176
341,0.26393
342,0.26316
343,0.26239
344,0.26163
345,0.26087
346,0.26301
347,0.26225
348,0.26437
349,0.26361
350,0.26571
351,0.26781
352,0.26989
353,0.26912
354,0.26836
355,0.26761
356,0.26685
357,0.26611
358,0.26536
359,0.26741
360,0.26944
361,0.2687
362,0.26796
363,0.26997
364,0.26923
365,0.26849
366,0.26776
367,0.26703
368,0.2663
369,0.26558
370,0.26486
371,0.26415
372,0.26344
373,0.26273
374,0.26471
375,0.264
376,0.2633
377,0.2626
378,0.2619
379,0.26385
380,0.26316
381,0.26247
382,0.26178
383,0.2611
384,0.26042
385,0.25974
386,0.26166
387,0.26098
388,0.26031
389,0.25964
390,0.26154
391,0.26343
392,0.26276
393,0.26209
394,0.26142
395,0.26076
396,0.26263
397,0.26196
398,0.26131
399,0.26065
400,0.26
401,0.26185
402,0.26119
403,0.26303
404,0.26238
405,0.26173
406,0.26108
407,0.2629
408,0.26225
409,0.26161
410,0.26341
411,0.26277
412,0.26214
413,0.26392
414,0.26329
415,0.26265
416,0.26442
417,0.26379
418,0.26316
419,0.26253
420,0.2619
421,0.26366
422,0.26303
423,0.26478
424,0.26415
425,0.26353
426,0.26526
427,0.26464
428,0.26402
429,0.26573
430,0.26744
431,0.26682
432,0.2662
433,0.26559
434,0.26498
435,0.26437
436,0.26606
437,0.26773
438,0.26941
439,0.26879
440,0.26818
441,0.26984
442,0.27149
443,0.27088
444,0.27027
445,0.27191
446,0.2713
447,0.27069
448,0.27009
449,0.27171
450,0.27333
451,0.27273
452,0.27434
453,0.27373
454,0.27313
455,0.27253
456,0.27193
457,0.27133
458,0.27074
459,0.27015
460,0.26957
461,0.26898
462,0.2684
463,0.26998
464,0.2694
465,0.26882
466,0.26824
467,0.26767
468,0.26709
469,0.26652
470,0.26596
471,0.26539
472,0.26483
473,0.26427
474,0.26371
475,0.26316
476,0.26471
477,0.26625
478,0.26778
479,0.26722
480,0.26667
481,0.26611
482,0.26556
483,0.26501
484,0.26653
485,0.26598
486,0.26543
487,0.26489
488,0.26434
489,0.26585
490,0.26531
491,0.26477
492,0.26423
493,0.26369
494,0.26518
495,0.26465
496,0.26411
497,0.26358
498,0.26506
499,0.26653
500,0.268
501,0.26747
502,0.26693
503,0.2664
504,0.26587
505,0.26535
506,0.26482
507,0.26627
508,0.26575
509,0.26523
510,0.26471
511,0.26614
512,0.26562
513,0.26511
514,0.26654
515,0.26602
516,0.2655
517,0.26499
518,0.26448
519,0.26397
520,0.26346
521,0.26296
522,0.26245
523,0.26195
524,0.26145
525,0.26095
526,0.26236
527,0.26186
528,0.26136
529,0.26087
530,0.26038
531,0.26177
532,0.26316
533,0.26266
534,0.26217
535,0.26355
536,0.26493
537,0.26443
538,0.26394
539,0.26345
540,0.26296
541,0.26433
542,0.26568
543,0.26519
544,0.26471
545,0.26422
546,0.26374
547,0.26508
548,0.2646
549,0.26412
550,0.26364
551,0.26497
552,0.26449
553,0.26582
554,0.26534
555,0.26486
556,0.26619
557,0.2675
558,0.26703
559,0.26655
560,0.26786
561,0.26738
562,0.26868
563,0.26998
564,0.2695
565,0.26903
566,0.26855
567,0.26808
568,0.26761
569,0.26714
570,0.26842
571,0.26795
572,0.26748
573,0.26702
574,0.26655
575,0.26783
576,0.26736
577,0.26863
578,0.26817
579,0.2677
580,0.26897
581,0.2685
582,0.26976
583,0.27101
584,0.27055
585,0.27009
586,0.26962
587,0.27087
588,0.27041
589,0.26995
590,0.27119
591,0.27073
592,0.27027
593,0.26981
594,0.26936
595,0.26891
596,0.26846
597,0.26801
598,0.26923
599,0.27045
600,0.27
601,0.26955
602,0.2691
603,0.27032
604,0.26987
605,0.26942
606,0.27063
607,0.27018
608,0.27138
609,0.27258
610,0.27213
611,0.27332
612,0.27288
613,0.27243
614,0.27362
615,0.27317
616,0.27273
617,0.27391
618,0.27346
619,0.27464
620,0.27581
621,0.27536
622,0.27492
623,0.27448
624,0.27404
625,0.2752
626,0.27476
627,0.27592
628,0.27707
629,0.27822
630,0.27778
631,0.27892
632,0.27848
633,0.27962
634,0.27918
635,0.28031
636,0.28145
637,0.281
638,0.28056
639,0.28013
640,0.27969
641,0.28081
642,0.28037
643,0.27994
644,0.2795
645,0.28062
646,0.28019
647,0.27975
648,0.27932
649,0.27889
650,0.28
651,0.28111
652,0.28067
653,0.28025
654,0.27982
655,0.27939
656,0.28049
657,0.28006
658,0.27964
659,0.28073
660,0.2803
661,0.28139
662,0.28097
663,0.28054
664,0.28012
665,0.2797
666,0.27928
667,0.27886
668,0.27844
669,0.27952
670,0.2806
671,0.28018
672,0.28125
673,0.28083
674,0.28042
675,0.28148
676,0.28254
677,0.28213
678,0.28171
679,0.2813
680,0.28235
681,0.28194
682,0.28299
683,0.28258
684,0.28216
685,0.28321
686,0.28426
687,0.2853
688,0.28488
689,0.28447
690,0.28406
691,0.28365
692,0.28324
693,0.28427
694,0.28386
695,0.28345
696,0.28448
697,0.28551
698,0.2851
699,0.28469
700,0.28429
701,0.28531
702,0.2849
703,0.2845
704,0.28409
705,0.28369
706,0.28329
707,0.28289
708,0.2839
709,0.2835
710,0.2831
711,0.2827
712,0.2823
713,0.28191
714,0.28151
715,0.28112
716,0.28073
717,0.28033
718,0.27994
719,0.27955
720,0.27917
721,0.27878
722,0.27839
723,0.27801
724,0.27901
725,0.27862
726,0.27824
727,0.27923
728,0.27885
729,0.27984
730,0.28082
731,0.28044
732,0.28142
733,0.2824
734,0.28202
735,0.28163
736,0.28125
737,0.28087
738,0.28049
739,0.28011
740,0.27973
741,0.27935
742,0.27898
743,0.2786
744,0.27823
745,0.27785
746,0.27748
747,0.27845
748,0.27807
749,0.2777
750,0.27733
751,0.27696
752,0.27793
753,0.27756
754,0.27851
755,0.27947
756,0.2791
757,0.27873
758,0.27836
759,0.278
760,0.27895
761,0.27858
762,0.27953
763,0.27916
764,0.2788
765,0.27843
766,0.27807
767,0.27901
768,0.27865
769,0.27828
770,0.27922
771,0.28016
772,0.27979
773,0.27943
774,0.27907
775,0.27871
776,0.27835
777,0.27928
778,0.27892
779,0.27856
780,0.27949
781,0.27913
782,0.28005
783,0.27969
784,0.27934
785,0.28025
786,0.28117
787,0.28081
788,0.28046
789,0.2801
790,0.27975
791,0.27939
792,0.27904
793,0.27869
794,0.27834
795,0.27799
796,0.27764
797,0.27729
798,0.27694
799,0.2766
800,0.2775
801,0.27715
802,0.27805
803,0.27895
804,0.27985
805,0.2795
806,0.27916
807,0.28005
808,0.28094
809,0.28059
810,0.28148
811,0.28237
812,0.28202
813,0.28167
814,0.28133
815,0.28221
816,0.28186
817,0.28152
818,0.28117
819,0.28205
820,0.28171
821,0.28258
822,0.28345
823,0.28311
824,0.28277
825,0.28242
826,0.28208
827,0.28174
828,0.2814
829,0.28106
830,0.28072
831,0.28039
832,0.28005
833,0.28091
834,0.28058
835,0.28024
836,0.2811
837,0.28076
838,0.28162
839,0.28248
840,0.28214
841,0.28181
842,0.28147
843,0.28114
844,0.28081
845,0.28047
846,0.28014
847,0.28099
848,0.28066
849,0.28033
850,0.28
851,0.27967
852,0.27934
853,0.27902
854,0.27986
855,0.2807
856,0.28154
857,0.28238
858,0.28205
859,0.28289
860,0.28256
861,0.28223
862,0.2819
863,0.28158
864,0.28125
865,0.28092
866,0.2806
867,0.28028
868,0.28111
869,0.28078
870,0.28046
871,0.28129
872,0.28096
873,0.28064
874,0.28032
875,0.28
876,0.28082
877,0.2805
878,0.28018
879,0.27986
880,0.28068
881,0.2815
882,0.28118
883,0.28086
884,0.28167
885,0.28249
886,0.28217
887,0.28298
888,0.28266
889,0.28346
890,0.28315
891,0.28283
892,0.28251
893,0.28219
894,0.28188
895,0.28156
896,0.28125
897,0.28094
898,0.28062
899,0.28142
900,0.28111
901,0.2808
902,0.2816
903,0.28128
904,0.28097
905,0.28066
906,0.28035
907,0.28004
908,0.28084
909,0.28053
910,0.28022
911,0.27991
912,0.2807
913,0.28039
914,0.28009
915,0.28087
916,0.28166
917,0.28135
918,0.28105
919,0.28183
920,0.28261
921,0.28339
922,0.28308
923,0.28386
924,0.28355
925,0.28324
926,0.28294
927,0.28263
928,0.28233
929,0.2831
930,0.2828
931,0.28249
932,0.28219
933,0.28189
934,0.28158
935,0.28128
936,0.28205
937,0.28282
938,0.28252
939,0.28222
940,0.28191
941,0.28162
942,0.28238
943,0.28208
944,0.28284
945,0.2836
946,0.2833
947,0.283
948,0.2827
949,0.28346
950,0.28316
951,0.28391
952,0.28361
953,0.28332
954,0.28407
955,0.28377
956,0.28347
957,0.28422
958,0.28392
959,0.28467
960,0.28542
961,0.28512
962,0.28482
963,0.28453
964,0.28423
965,0.28394
966,0.28364
967,0.28335
968,0.28409
969,0.2838
970,0.28351
971,0.28321
972,0.28292
973,0.28366
974,0.28337
975,0.2841
976,0.28381
977,0.28352
978,0.28425
979,0.28396
980,0.28367
981,0.2844
982,0.28411
983,0.28484
984,0.28455
985,0.28426
986,0.28499
987,0.28571
988,0.28543
989,0.28514
990,0.28485
991,0.28456
992,0.28528
993,0.286
994,0.28672
995,0.28643
996,0.28614
997,0.28586
998,0.28557
999,0.28529
1000,0.285
1001,0.28472
1002,0.28443
1003,0.28514
1004,0.28486
1005,0.28458
1006,0.28529
1007,0.285
1008,0.28472
1009,0.28543
1010,0.28515
1011,0.28487
1012,0.28458
1013,0.2843
1014,0.28402
1015,0.28374
1016,0.28346
1017,0.28319
1018,0.28291
1019,0.28263
1020,0.28235
1021,0.28208
1022,0.28278
1023,0.2825
1024,0.28223
1025,0.28293
1026,0.28265
1027,0.28335
1028,0.28307
1029,0.2828
1030,0.28252
1031,0.28322
1032,0.28295
1033,0.28364
1034,0.28337
1035,0.28309
1036,0.28282
1037,0.28255
1038,0.28227
1039,0.28296
1040,0.28365
1041,0.28338
1042,0.28311
1043,0.28284
1044,0.28257
1045,0.28325
1046,0.28298
1047,0.28271
1048,0.28244
1049,0.28217
1050,0.2819
1051,0.28164
1052,0.28137
1053,0.28205
1054,0.28273
1055,0.28246
1056,0.2822
1057,0.28193
1058,0.28166
1059,0.2814
1060,0.28113
1061,0.28087
1062,0.2806
1063,0.28034
1064,0.28008
1065,0.27981
1066,0.27955
1067,0.28022
1068,0.27996
1069,0.2797
1070,0.27944
1071,0.27918
1072,0.27892
1073,0.27866
1074,0.2784
1075,0.27814
1076,0.27788
1077,0.27762
1078,0.27829
1079,0.27804
1080,0.27778
1081,0.27845
1082,0.27819
1083,0.27886
1084,0.2786
1085,0.27926
1086,0.27901
1087,0.27875
1088,0.27849
1089,0.27824
1090,0.27798
1091,0.27773
1092,0.27747
1093,0.27722
1094,0.27697
1095,0.27671
1096,0.27737
1097,0.27712
1098,0.27687
1099,0.27662
1100,0.27636
1101,0.27702
1102,0.27677
1103,0.27743
1104,0.27717
1105,0.27692
1106,0.27758
1107,0.27823
1108,0.27888
1109,0.27953
1110,0.27928
1111,0.27993
1112,0.28058
1113,0.28122
1114,0.28097
1115,0.28161
1116,0.28136
1117,0.28111
1118,0.28086
1119,0.28061
1120,0.28036
1121,0.28011
1122,0.28075
1123,0.28139
1124,0.28114
1125,0.28089
1126,0.28064
1127,0.28039
1128,0.28014
1129,0.27989
1130,0.27965
1131,0.2794
1132,0.28004
1133,0.27979
1134,0.27954
1135,0.2793
1136,0.27993
1137,0.27968
1138,0.27944
1139,0.28007
1140,0.2807
1141,0.28133
1142,0.28109
1143,0.28084
1144,0.28059
1145,0.28035
1146,0.28098
1147,0.28073
1148,0.28049
1149,0.28024
1150,0.28087
1151,0.28149
1152,0.28125
1153,0.28101
1154,0.28076
1155,0.28052
1156,0.28028
1157,0.28003
1158,0.28066
1159,0.28041
1160,0.28017
1161,0.27993
1162,0.28055
1163,0.28031
1164,0.28007
1165,0.27983
1166,0.27959
1167,0.28021
1168,0.27997
1169,0.28058
1170,0.2812
1171,0.28096
1172,0.28072
1173,0.28133
1174,0.28109
1175,0.2817
1176,0.28146
1177,0.28122
1178,0.28183
1179,0.28159
1180,0.2822
1181,0.28196
1182,0.28173
1183,0.28149
1184,0.28209
1185,0.28186
1186,0.28162
1187,0.28222
1188,0.28199
1189,0.28175
1190,0.28151
1191,0.28128
1192,0.28104
1193,0.2808
1194,0.28057
1195,0.28033
1196,0.2801
1197,0.2807
1198,0.28047
1199,0.28107
1200,0.28167
1201,0.28143
1202,0.2812
1203,0.28096
1204,0.28073
1205,0.2805
1206,0.28027
1207,0.28003
1208,0.2798
1209,0.27957
1210,0.27934
1211,0.27911
1212,0.27888
1213,0.27947
1214,0.28007
1215,0.28066
1216,0.28043
1217,0.2802
1218,0.27997
1219,0.27974
1220,0.27951
1221,0.2801
1222,0.28069
1223,0.28046
1224,0.28105
1225,0.28082
1226,0.2814
1227,0.28199
1228,0.28176
1229,0.28153
1230,0.2813
1231,0.28188
1232,0.28166
1233,0.28224
1234,0.28201
1235,0.28178
1236,0.28155
1237,0.28213
1238,0.28271
1239,0.28249
1240,0.28226
1241,0.28284
1242,0.28261
1243,0.28238
1244,0.28215
1245,0.28193
1246,0.2817
1247,0.28148
1248,0.28205
1249,0.28263
1250,0.2832
1251,0.28297
1252,0.28275
1253,0.28332
1254,0.28309
1255,0.28287
1256,0.28344
1257,0.28321
1258,0.28299
1259,0.28356
1260,0.28413
1261,0.2839
1262,0.28368
1263,0.28345
1264,0.28323
1265,0.28379
1266,0.28357
1267,0.28335
1268,0.28391
1269,0.28369
1270,0.28346
1271,0.28324
1272,0.28381
1273,0.28358
1274,0.28336
1275,0.28392
1276,0.2837
1277,0.28348
1278,0.28404
1279,0.2846
1280,0.28437
1281,0.28415
1282,0.28471
1283,0.28449
1284,0.28427
1285,0.28405
1286,0.28383
1287,0.28361
1288,0.28339
1289,0.28317
1290,0.28295
1291,0.28273
1292,0.28251
1293,0.28229
1294,0.28207
1295,0.28185
1296,0.28241
1297,0.28219
1298,0.28197
1299,0.28253
1300,0.28231
1301,0.28209
1302,0.28264
1303,0.28319
1304,0.28374
1305,0.28429
1306,0.28407
1307,0.28386
1308,0.28364
1309,0.28419
1310,0.28473
1311,0.28528
1312,0.28506
1313,0.28484
1314,0.28463
1315,0.28517
1316,0.28495
1317,0.28474
1318,0.28452
1319,0.28431
1320,0.28409
1321,0.28463
1322,0.28442
1323,0.28496
1324,0.28474
1325,0.28528
1326,0.28507
1327,0.28561
1328,0.28539
1329,0.28593
1330,0.28571
1331,0.2855
1332,0.28604
1333,0.28657
1334,0.28636
1335,0.28689
1336,0.28668
1337,0.28646
1338,0.28625
1339,0.28603
1340,0.28657
1341,0.28635
1342,0.28614
1343,0.28667
1344,0.28646
1345,0.28625
1346,0.28603
1347,0.28582
1348,0.28561
1349,0.2854
1350,0.28519
1351,0.28497
1352,0.28476
1353,0.28529
1354,0.28582
1355,0.28635
1356,0.28687
1357,0.28666
1358,0.28645
1359,0.28624
1360,0.28676
1361,0.28655
1362,0.28708
1363,0.28687
1364,0.28666
1365,0.28645
1366,0.28624
1367,0.28603
1368,0.28582
1369,0.28561
1370,0.2854
1371,0.28519
1372,0.28499
1373,0.28478
1374,0.28457
1375,0.28509
1376,0.28488
1377,0.2854
1378,0.28592
1379,0.28571
1380,0.28551
1381,0.2853
1382,0.28582
1383,0.28633
1384,0.28613
1385,0.28664
1386,0.28644
1387,0.28623
1388,0.28602
1389,0.28654
1390,0.28633
1391,0.28613
1392,0.28592
1393,0.28571
1394,0.28551
1395,0.28602
1396,0.28582
1397,0.28633
1398,0.28612
1399,0.28592
1400,0.28571
1401,0.28551
1402,0.28531
1403,0.2851
1404,0.2849
1405,0.2847
1406,0.2845
1407,0.28429
1408,0.28409
1409,0.2846
1410,0.28511
1411,0.28561
1412,0.28541
1413,0.28521
1414,0.28501
1415,0.28551
1416,0.28531
1417,0.28582
1418,0.28561
1419,0.28541
1420,0.28521
1421,0.28501
1422,0.28551
1423,0.28531
1424,0.28581
1425,0.28632
1426,0.28612
1427,0.28591
1428,0.28571
1429,0.28621
1430,0.28671
1431,0.28651
1432,0.28701
1433,0.28681
1434,0.28661
1435,0.28641
1436,0.28691
1437,0.28671
1438,0.28651
1439,0.28631
1440,0.28611
1441,0.28591
1442,0.28641
1443,0.28621
1444,0.28601
1445,0.28581
1446,0.28562
1447,0.28542
1448,0.28591
1449,0.28571
1450,0.28552
1451,0.28601
1452,0.2865
1453,0.2863
1454,0.28611
1455,0.28591
1456,0.28571
1457,0.28552
1458,0.28532
1459,0.28513
1460,0.28493
1461,0.28474
1462,0.28454
1463,0.28435
1464,0.28415
1465,0.28464
1466,0.28445
1467,0.28425
1468,0.28474
1469,0.28455
1470,0.28435
1471,0.28484
1472,0.28465
1473,0.28445
1474,0.28494
1475,0.28542
1476,0.28591
1477,0.28571
1478,0.2862
1479,0.28668
1480,0.28649
1481,0.28629
1482,0.2861
1483,0.28591
1484,0.28639
1485,0.2862
1486,0.28668
1487,0.28648
1488,0.28629
1489,0.28677
1490,0.28658
1491,0.28706
1492,0.28686
1493,0.28734
1494,0.28715
1495,0.28696
1496,0.28676
1497,0.28724
1498,0.28705
1499,0.28686
1500,0.28667
1501,0.28648
1502,0.28628
1503,0.28676
1504,0.28723
1505,0.28771
1506,0.28752
1507,0.28799
1508,0.2878
1509,0.28827
1510,0.28808
1511,0.28789
1512,0.28836
1513,0.28817
1514,0.28798
1515,0.28779
1516,0.2876
1517,0.28741
1518,0.28788
1519,0.28835
1520,0.28816
1521,0.28797
1522,0.28778
1523,0.28759
1524,0.2874
1525,0.28721
1526,0.28702
1527,0.28684
1528,0.28665
1529,0.28646
1530,0.28627
1531,0.28674
1532,0.28721
1533,0.28702
1534,0.28683
1535,0.28664
1536,0.28646
1537,0.28627
1538,0.28609
1539,0.2859
1540,0.28636
1541,0.28618
1542,0.28599
1543,0.28581
1544,0.28627
1545,0.28608
1546,0.2859
1547,0.28571
1548,0.28553
1549,0.28535
1550,0.28516
1551,0.28498
1552,0.28479
1553,0.28461
1554,0.28443
1555,0.28424
1556,0.2847
1557,0.28516
1558,0.28562
1559,0.28544
1560,0.28526
1561,0.28507
1562,0.28489
1563,0.28471
1564,0.28453
1565,0.28498
1566,0.28544
1567,0.2859
1568,0.28635
1569,0.28681
1570,0.28662
1571,0.28708
1572,0.28753
1573,0.28798
1574,0.2878
1575,0.28762
1576,0.28744
1577,0.28725
1578,0.28707
1579,0.28752
1580,0.28797
1581,0.28779
1582,0.28824
1583,0.28869
1584,0.28851
1585,0.28896
1586,0.28878
1587,0.28922
1588,0.28904
1589,0.28886
1590,0.28931
1591,0.28913
1592,0.28894
1593,0.28876
1594,0.28858
1595,0.28903
1596,0.28947
1597,0.28929
1598,0.28974
1599,0.28956
1600,0.28937
1601,0.28919
1602,0.28901
1603,0.28883
1604,0.28865
1605,0.28847
1606,0.28829
1607,0.28811
1608,0.28794
1609,0.28776
1610,0.2882
1611,0.28802
1612,0.28784
1613,0.28766
1614,0.28748
1615,0.28731
1616,0.28775
1617,0.28819
1618,0.28801
1619,0.28845
1620,0.28827
1621,0.28809
1622,0.28792
1623,0.28774
1624,0.28756
1625,0.288
1626,0.28782
1627,0.28765
1628,0.28747
1629,0.28729
1630,0.28712
1631,0.28694
1632,0.28676
1633,0.2872
1634,0.28703
1635,0.28685
1636,0.28667
1637,0.28711
1638,0.28694
1639,0.28676
1640,0.28659
1641,0.28702
1642,0.28745
1643,0.28789
1644,0.28832
1645,0.28815
1646,0.28797
1647,0.2884
1648,0.28823
1649,0.28805
1650,0.28848
1651,0.28892
1652,0.28874
1653,0.28857
1654,0.28839
1655,0.28882
1656,0.28925
1657,0.28968
1658,0.28951
1659,0.28933
1660,0.28976
1661,0.28958
1662,0.28941
1663,0.28924
1664,0.28906
1665,0.28949
1666,0.28932
1667,0.28914
1668,0.28897
1669,0.2888
1670,0.28922
1671,0.28905
1672,0.28888
1673,0.2887
1674,0.28853
1675,0.28836
1676,0.28819
1677,0.28861
1678,0.28844
1679,0.28886
1680,0.28869
1681,0.28852
1682,0.28835
1683,0.28818
1684,0.288
1685,0.28783
1686,0.28766
1687,0.28749
1688,0.28732
1689,0.28715
1690,0.28698
1691,0.28681
1692,0.28664
1693,0.28647
1694,0.2863
1695,0.28673
1696,0.28715
1697,0.28698
1698,0.28681
1699,0.28664
1700,0.28647
1701,0.2863
1702,0.28672
1703,0.28714
1704,0.28697
1705,0.2868
1706,0.28664
1707,0.28705
1708,0.28747
1709,0.2873
1710,0.28713
1711,0.28755
1712,0.28738
1713,0.28722
1714,0.28705
1715,0.28688
1716,0.2873
1717,0.28713
1718,0.28696
1719,0.28679
1720,0.28663
1721,0.28646
1722,0.2863
1723,0.28671
1724,0.28712
1725,0.28696
1726,0.28737
1727,0.2872
1728,0.28704
1729,0.28745
1730,0.28728
1731,0.28712
1732,0.28695
1733,0.28736
1734,0.2872
1735,0.28761
1736,0.28744
1737,0.28728
1738,0.28711
1739,0.28695
1740,0.28736
1741,0.28719
1742,0.2876
1743,0.28744
1744,0.28784
1745,0.28768
1746,0.28751
1747,0.28735
1748,0.28776
1749,0.28759
1750,0.28743
1751,0.28784
1752,0.28824
1753,0.28865
1754,0.28905
1755,0.28889
1756,0.28872
1757,0.28913
1758,0.28896
1759,0.2888
1760,0.28864
1761,0.28904
1762,0.28888
1763,0.28871
1764,0.28855
1765,0.28839
1766,0.28879
1767,0.28862
1768,0.28846
1769,0.2883
1770,0.28814
1771,0.28797
1772,0.28781
1773,0.28765
1774,0.28749
1775,0.28789
1776,0.28829
1777,0.28813
1778,0.28796
1779,0.2878
1780,0.28764
1781,0.28748
1782,0.28732
1783,0.28716
1784,0.287
1785,0.28739
1786,0.28779
1787,0.28763
1788,0.28803
1789,0.28843
1790,0.28883
1791,0.28922
1792,0.28906
1793,0.28946
1794,0.28986
1795,0.28969
1796,0.28953
1797,0.28993
1798,0.29032
1799,0.29016
1800,0.29
1801,0.28984
1802,0.28968
1803,0.28952
1804,0.28936
1805,0.28975
1806,0.28959
1807,0.28998
1808,0.28982
1809,0.29022
1810,0.29006
1811,0.29045
1812,0.29084
1813,0.29123
1814,0.29107
1815,0.29091
1816,0.29075
1817,0.29059
1818,0.29098
1819,0.29082
1820,0.29066
1821,0.2905
1822,0.29034
1823,0.29018
1824,0.29002
1825,0.28986
1826,0.2897
1827,0.28955
1828,0.28939
1829,0.28923
1830,0.28907
1831,0.28891
1832,0.28876
1833,0.28914
1834,0.28899
1835,0.28883
1836,0.28867
1837,0.28851
1838,0.2889
1839,0.28929
1840,0.28913
1841,0.28897
1842,0.28882
1843,0.2892
1844,0.28905
1845,0.28889
1846,0.28873
1847,0.28858
1848,0.28896
1849,0.2888
1850,0.28865
1851,0.28903
1852,0.28888
1853,0.28926
1854,0.2891
1855,0.28895
1856,0.28879
1857,0.28864
1858,0.28848
1859,0.28833
1860,0.28817
1861,0.28855
1862,0.28894
1863,0.28878
1864,0.28863
1865,0.28847
1866,0.28832
1867,0.28816
1868,0.28801
1869,0.28839
1870,0.28824
1871,0.28808
1872,0.28846
1873,0.28884
1874,0.28922
1875,0.28907
1876,0.28891
1877,0.28876
1878,0.2886
1879,0.28845
1880,0.2883
1881,0.28814
1882,0.28799
1883,0.28784
1884,0.28822
1885,0.28859
1886,0.28844
1887,0.28882
1888,0.28867
1889,0.28851
1890,0.28836
1891,0.28874
1892,0.28858
1893,0.28843
1894,0.28828
1895,0.28813
1896,0.28797
1897,0.28835
1898,0.2882
1899,0.28805
1900,0.28842
1901,0.28827
1902,0.28812
1903,0.28797
1904,0.28834
1905,0.28819
1906,0.28856
1907,0.28894
1908,0.28878
1909,0.28863
1910,0.28848
1911,0.28833
1912,0.2887
1913,0.28907
1914,0.28945
1915,0.2893
1916,0.28914
1917,0.28899
1918,0.28884
1919,0.28869
1920,0.28854
1921,0.28839
1922,0.28824
1923,0.28809
1924,0.28846
1925,0.28883
1926,0.28868
1927,0.28853
1928,0.28838
1929,0.28823
1930,0.2886
1931,0.28897
1932,0.28882
1933,0.28867
1934,0.28852
1935,0.28837
1936,0.28822
1937,0.28807
1938,0.28844
1939,0.28829
1940,0.28866
1941,0.28851
1942,0.28836
1943,0.28821
1944,0.28858
1945,0.28895
1946,0.2888
1947,0.28865
1948,0.2885
1949,0.28835
1950,0.28872
1951,0.28857
1952,0.28842
1953,0.28827
1954,0.28813
1955,0.28849
1956,0.28834
1957,0.2882
1958,0.28805
1959,0.2879
1960,0.28776
1961,0.28761
1962,0.28746
1963,0.28782
1964,0.28768
1965,0.28753
1966,0.28739
1967,0.28724
1968,0.2876
1969,0.28746
1970,0.28731
1971,0.28716
1972,0.28753
1973,0.28738
1974,0.28723
1975,0.28709
1976,0.28745
1977,0.28781
1978,0.28817
1979,0.28853
1980,0.28838
1981,0.28824
1982,0.28809
1983,0.28795
1984,0.2878
1985,0.28766
1986,0.28751
1987,0.28737
1988,0.28722
1989,0.28758
1990,0.28794
1991,0.2878
1992,0.28765
1993,0.28751
1994,0.28786
1995,0.28772
1996,0.28758
1997,0.28793
1998,0.28829
1999,0.28814
2000,0.288
2001,0.28786
2002,0.28771
2003,0.28807
2004,0.28792
2005,0.28778
2006,0.28814
2007,0.28849
2008,0.28835
2009,0.2882
2010,0.28806
2011,0.28792
2012,0.28777
2013,0.28813
2014,0.28798
2015,0.28784
2016,0.2877
2017,0.28756
2018,0.28741
2019,0.28727
2020,0.28713
2021,0.28748
2022,0.28783
2023,0.28769
2024,0.28755
2025,0.28741
2026,0.28727
2027,0.28762
2028,0.28748
2029,0.28733
2030,0.28719
2031,0.28754
2032,0.28789
2033,0.28775
2034,0.28761
2035,0.28747
2036,0.28782
2037,0.28768
2038,0.28754
2039,0.2874
2040,0.28725
2041,0.28711
2042,0.28697
2043,0.28683
2044,0.28718
2045,0.28704
2046,0.2869
2047,0.28676
2048,0.28662
2049,0.28648
2050,0.28634
2051,0.28669
2052,0.28655
2053,0.28641
2054,0.28676
2055,0.2871
2056,0.28745
2057,0.28731
2058,0.28717
2059,0.28703
2060,0.28689
2061,0.28675
2062,0.28661
2063,0.28648
2064,0.28682
2065,0.28717
2066,0.28703
2067,0.28689
2068,0.28723
2069,0.2871
2070,0.28696
2071,0.28682
2072,0.28668
2073,0.28702
2074,0.28689
2075,0.28675
2076,0.28661
2077,0.28647
2078,0.28633
2079,0.2862
2080,0.28654
2081,0.2864
2082,0.28626
2083,0.28613
2084,0.28647
2085,0.28681
2086,0.28667
2087,0.28701
2088,0.28688
2089,0.28674
2090,0.28708
2091,0.28742
2092,0.28776
2093,0.28763
2094,0.28749
2095,0.28735
2096,0.28721
2097,0.28708
2098,0.28694
2099,0.28728
2100,0.28714
2101,0.28701
2102,0.28735
2103,0.28768
2104,0.28755
2105,0.28741
2106,0.28775
2107,0.28809
2108,0.28795
2109,0.28781
2110,0.28768
2111,0.28802
2112,0.28835
2113,0.28869
2114,0.28855
2115,0.28842
2116,0.28828
2117,0.28862
2118,0.28848
2119,0.28834
2120,0.28821
2121,0.28807
2122,0.28841
2123,0.28827
2124,0.28861
2125,0.28847
2126,0.28833
2127,0.2882
2128,0.28806
2129,0.28793
2130,0.28779
2131,0.28766
2132,0.28752
2133,0.28739
2134,0.28725
2135,0.28712
2136,0.28699
2137,0.28685
2138,0.28672
2139,0.28658
2140,0.28645
2141,0.28631
2142,0.28665
2143,0.28651
2144,0.28685
2145,0.28671
2146,0.28658
2147,0.28645
2148,0.28631
2149,0.28618
2150,0.28651
2151,0.28684
2152,0.28717
2153,0.28704
2154,0.28691
2155,0.28677
2156,0.28711
2157,0.28744
2158,0.28777
2159,0.28763
2160,0.2875
2161,0.28737
2162,0.2877
2163,0.28756
2164,0.28743
2165,0.2873
2166,0.28763
2167,0.28749
2168,0.28736
2169,0.28723
2170,0.28756
2171,0.28743
2172,0.28775
2173,0.28808
2174,0.28795
2175,0.28828
2176,0.28814
2177,0.28847
2178,0.28834
2179,0.28866
2180,0.28899
2181,0.28886
2182,0.28873
2183,0.28859
2184,0.28846
2185,0.28833
2186,0.2882
2187,0.28807
2188,0.28839
2189,0.28826
2190,0.28813
2191,0.28845
2192,0.28832
2193,0.28819
2194,0.28806
2195,0.28793
2196,0.28825
2197,0.28812
2198,0.28844
2199,0.28831
2200,0.28864
2201,0.28851
2202,0.28837
2203,0.2887
2204,0.28857
2205,0.28844
2206,0.2883
2207,0.28817
2208,0.28804
2209,0.28837
2210,0.28824
2211,0.28856
2212,0.28843
2213,0.2883
2214,0.28862
2215,0.28894
2216,0.28881
2217,0.28868
2218,0.28855
2219,0.28842
2220,0.28874
2221,0.28906
2222,0.28893
2223,0.2888
2224,0.28912
2225,0.28899
2226,0.28886
2227,0.28873
2228,0.28905
2229,0.28937
2230,0.28924
2231,0.28911
2232,0.28943
2233,0.2893
2234,0.28962
2235,0.28949
2236,0.28936
2237,0.28923
2238,0.2891
2239,0.28941
2240,0.28973
2241,0.2896
2242,0.28992
2243,0.28979
2244,0.28966
2245,0.28953
2246,0.2894
2247,0.28927
2248,0.28959
2249,0.28991
2250,0.28978
2251,0.28965
2252,0.28952
2253,0.28984
2254,0.28971
2255,0.29002
2256,0.28989
2257,0.29021
2258,0.29008
2259,0.29039
2260,0.29027
2261,0.29014
2262,0.29001
2263,0.28988
2264,0.28975
2265,0.28962
2266,0.2895
2267,0.28937
2268,0.28924
2269,0.28911
2270,0.28899
2271,0.2893
2272,0.28917
2273,0.28905
2274,0.28892
2275,0.28879
2276,0.2891
2277,0.28942
2278,0.28929
2279,0.28916
2280,0.28904
2281,0.28891
2282,0.28878
2283,0.28909
2284,0.28897
2285,0.28884
2286,0.28871
2287,0.28859
2288,0.28846
2289,0.28834
2290,0.28865
2291,0.28852
2292,0.28839
2293,0.28827
2294,0.28814
2295,0.28802
2296,0.28789
2297,0.2882
2298,0.28808
2299,0.28839
2300,0.2887
2301,0.28857
2302,0.28844
2303,0.28832
2304,0.28863
2305,0.2885
2306,0.28838
2307,0.28869
2308,0.28856
2309,0.28844
2310,0.28874
2311,0.28862
2312,0.28849
2313,0.28837
2314,0.28825
2315,0.28812
2316,0.288
2317,0.2883
2318,0.28861
2319,0.28849
2320,0.28836
2321,0.28824
2322,0.28811
2323,0.28799
2324,0.28787
2325,0.28774
2326,0.28805
2327,0.28835
2328,0.28866
2329,0.28854
2330,0.28841
2331,0.28829
2332,0.28816
2333,0.28804
2334,0.28792
2335,0.28779
2336,0.28767
2337,0.28755
2338,0.28743
2339,0.28773
2340,0.28761
2341,0.28748
2342,0.28736
2343,0.28767
2344,0.28754
2345,0.28742
2346,0.2873
2347,0.2876
2348,0.2879
2349,0.28821
2350,0.28809
2351,0.28839
2352,0.28827
2353,0.28857
2354,0.28845
2355,0.28832
2356,0.2882
2357,0.28808
2358,0.28796
2359,0.28783
2360,0.28814
2361,0.28844
2362,0.28831
2363,0.28819
2364,0.28849
2365,0.28837
2366,0.28867
2367,0.28855
2368,0.28885
2369,0.28873
2370,0.28861
2371,0.28849
2372,0.28879
2373,0.28866
2374,0.28896
2375,0.28884
2376,0.28872
2377,0.2886
2378,0.28848
2379,0.28836
2380,0.28824
2381,0.28811
2382,0.28799
2383,0.28787
2384,0.28817
2385,0.28805
2386,0.28835
2387,0.28823
2388,0.28811
2389,0.28799
2390,0.28787
2391,0.28775
2392,0.28763
2393,0.28792
2394,0.28822
2395,0.2881
2396,0.28798
2397,0.28786
2398,0.28816
2399,0.28804
2400,0.28792
2401,0.2878
2402,0.28768
2403,0.28756
2404,0.28744
2405,0.28773
2406,0.28761
2407,0.28791
2408,0.28779
2409,0.28767
2410,0.28797
2411,0.28785
2412,0.28773
2413,0.28761
2414,0.2879
2415,0.28778
2416,0.28767
2417,0.28755
2418,0.28743
2419,0.28731
2420,0.28719
2421,0.28707
2422,0.28695
2423,0.28683
2424,0.28713
2425,0.28701
2426,0.28689
2427,0.28719
2428,0.28707
2429,0.28695
2430,0.28683
2431,0.28671
2432,0.2866
2433,0.28648
2434,0.28677
2435,0.28665
2436,0.28654
2437,0.28683
2438,0.28712
2439,0.287
2440,0.28689
2441,0.28677
2442,0.28665
2443,0.28653
2444,0.28642
2445,0.2863
2446,0.28659
2447,0.28688
2448,0.28717
2449,0.28746
2450,0.28735
2451,0.28723
2452,0.28711
2453,0.287
2454,0.28729
2455,0.28717
2456,0.28705
2457,0.28694
2458,0.28723
2459,0.28711
2460,0.28699
2461,0.28688
2462,0.28676
2463,0.28705
2464,0.28693
2465,0.28722
2466,0.2871
2467,0.28699
2468,0.28687
2469,0.28676
2470,0.28664
2471,0.28652
2472,0.28641
2473,0.28629
2474,0.28618
2475,0.28646
2476,0.28635
2477,0.28623
2478,0.28652
2479,0.28641
2480,0.28629
2481,0.28617
2482,0.28606
2483,0.28594
2484,0.28583
2485,0.28612
2486,0.286
2487,0.28589
2488,0.28577
2489,0.28566
2490,0.28554
2491,0.28583
2492,0.28571
2493,0.2856
2494,0.28549
2495,0.28537
2496,0.28526
2497,0.28554
2498,0.28543
2499,0.28531
2500,0.2852
2501,0.28509
2502,0.28537
2503,0.28526
2504,0.28514
2505,0.28503
2506,0.28492
2507,0.2852
2508,0.28509
2509,0.28497
2510,0.28486
2511,0.28475
2512,0.28503
2513,0.28492
2514,0.28481
2515,0.28469
2516,0.28458
2517,0.28447
2518,0.28475
2519,0.28503
2520,0.28532
2521,0.2852
2522,0.28549
2523,0.28537
2524,0.28526
2525,0.28554
2526,0.28543
2527,0.28532
2528,0.2856
2529,0.28588
2530,0.28577
2531,0.28566
2532,0.28555
2533,0.28543
2534,0.28532
2535,0.28521
2536,0.28549
2537,0.28538
2538,0.28526
2539,0.28515
2540,0.28504
2541,0.28493
2542,0.28482
2543,0.2847
2544,0.28498
2545,0.28527
2546,0.28515
2547,0.28504
2548,0.28493
2549,0.28521
2550,0.28549
2551,0.28577
2552,0.28566
2553,0.28594
2554,0.28583
2555,0.28571
2556,0.2856
2557,0.28549
2558,0.28577
2559,0.28566
2560,0.28555
2561,0.28583
2562,0.28571
2563,0.28599
2564,0.28588
2565,0.28616
2566,0.28605
2567,0.28594
2568,0.28583
2569,0.28571
2570,0.2856
2571,0.28549
2572,0.28538
2573,0.28527
2574,0.28516
2575,0.28544
2576,0.28533
2577,0.2856
2578,0.28588
2579,0.28577
2580,0.28605
2581,0.28632
2582,0.2866
2583,0.28649
2584,0.28638
2585,0.28627
2586,0.28654
2587,0.28643
2588,0.28632
2589,0.2866
2590,0.28687
2591,0.28676
2592,0.28665
2593,0.28654
2594,0.28643
2595,0.28632
2596,0.28621
2597,0.2861
2598,0.28599
2599,0.28588
2600,0.28615
2601,0.28643
2602,0.28632
2603,0.28621
2604,0.2861
2605,0.28599
2606,0.28588
2607,0.28577
2608,0.28604
2609,0.28632
2610,0.28659
2611,0.28648
2612,0.28637
2613,0.28626
2614,0.28615
2615,0.28604
2616,0.28593
2617,0.28582
2618,0.28571
2619,0.28599
2620,0.28626
2621,0.28615
2622,0.28642
2623,0.28631
2624,0.2862
2625,0.2861
2626,0.28637
2627,0.28664
2628,0.28691
2629,0.28718
2630,0.28707
2631,0.28734
2632,0.28723
2633,0.28712
2634,0.28702
2635,0.28729
2636,0.28756
2637,0.28745
2638,0.28734
2639,0.28723
2640,0.2875
2641,0.28777
2642,0.28804
2643,0.28793
2644,0.28782
2645,0.28771
2646,0.2876
2647,0.28787
2648,0.28776
2649,0.28803
2650,0.28792
2651,0.28782
2652,0.28771
2653,0.2876
2654,0.28787
2655,0.28776
2656,0.28765
2657,0.28754
2658,0.28781
2659,0.2877
2660,0.28759
2661,0.28749
2662,0.28738
2663,0.28727
2664,0.28716
2665,0.28705
2666,0.28695
2667,0.28721
2668,0.28711
2669,0.28737
2670,0.28727
2671,0.28753
2672,0.2878
2673,0.28769
2674,0.28758
2675,0.28785
2676,0.28812
2677,0.28801
2678,0.28827
2679,0.28817
2680,0.28806
2681,0.28795
2682,0.28822
2683,0.28811
2684,0.288
2685,0.28827
2686,0.28816
2687,0.28805
2688,0.28795
2689,0.28784
2690,0.28773
2691,0.28763
2692,0.28752
2693,0.28741
2694,0.28768
2695,0.28757
2696,0.28746
2697,0.28736
2698,0.28725
2699,0.28714
2700,0.28704
2701,0.2873
2702,0.28719
2703,0.28709
2704,0.28698
2705,0.28688
2706,0.28677
2707,0.28666
2708,0.28693
2709,0.28682
2710,0.28672
2711,0.28698
2712,0.28687
2713,0.28677
2714,0.28703
2715,0.28729
2716,0.28719
2717,0.28745
2718,0.28734
2719,0.28724
2720,0.28713
2721,0.28739
2722,0.28729
2723,0.28718
2724,0.28708
2725,0.28697
2726,0.28687
2727,0.28713
2728,0.28702
2729,0.28692
2730,0.28681
2731,0.28671
2732,0.2866
2733,0.28686
2734,0.28676
2735,0.28665
2736,0.28655
2737,0.28645
2738,0.28634
2739,0.28624
2740,0.28613
2741,0.28603
2742,0.28592
2743,0.28582
2744,0.28571
2745,0.28561
2746,0.28587
2747,0.28613
2748,0.28603
2749,0.28629
2750,0.28655
2751,0.28644
2752,0.28634
2753,0.28623
2754,0.28649
2755,0.28675
2756,0.28665
2757,0.28654
2758,0.2868
2759,0.2867
2760,0.28659
2761,0.28649
2762,0.28675
2763,0.28701
2764,0.2869
2765,0.28716
2766,0.28706
2767,0.28695
2768,0.28685
2769,0.28711
2770,0.287
2771,0.28726
2772,0.28716
2773,0.28705
2774,0.28695
2775,0.28685
2776,0.28674
2777,0.28664
2778,0.28654
2779,0.28643
2780,0.28633
2781,0.28623
2782,0.28613
2783,0.28602
2784,0.28592
2785,0.28618
2786,0.28643
2787,0.28633
2788,0.28623
2789,0.28648
2790,0.28638
2791,0.28628
2792,0.28617
2793,0.28643
2794,0.28633
2795,0.28623
2796,0.28612
2797,0.28602
2798,0.28628
2799,0.28617
2800,0.28607
2801,0.28633
2802,0.28622
2803,0.28612
2804,0.28638
2805,0.28627
2806,0.28617
2807,0.28607
2808,0.28597
2809,0.28622
2810,0.28612
2811,0.28637
2812,0.28663
2813,0.28653
2814,0.28643
2815,0.28632
2816,0.28622
2817,0.28647
2818,0.28673
2819,0.28663
2820,0.28652
2821,0.28678
2822,0.28668
2823,0.28693
2824,0.28683
2825,0.28673
2826,0.28698
2827,0.28688
2828,0.28678
2829,0.28667
2830,0.28657
2831,0.28647
2832,0.28637
2833,0.28627
2834,0.28652
2835,0.28677
2836,0.28667
2837,0.28657
2838,0.28647
2839,0.28672
2840,0.28662
2841,0.28687
2842,0.28677
2843,0.28667
2844,0.28657
2845,0.28647
2846,0.28637
2847,0.28627
2848,0.28652
2849,0.28642
2850,0.28667
2851,0.28657
2852,0.28647
2853,0.28637
2854,0.28626
2855,0.28616
2856,0.28606
2857,0.28596
2858,0.28586
2859,0.28576
2860,0.28566
2861,0.28591
2862,0.28616
2863,0.28606
2864,0.28596
2865,0.28586
2866,0.28611
2867,0.28636
2868,0.28626
2869,0.28616
2870,0.28606
2871,0.28631
2872,0.28621
2873,0.28611
2874,0.28601
2875,0.28591
2876,0.28581
2877,0.28606
2878,0.28596
2879,0.28586
2880,0.28576
2881,0.28601
2882,0.28591
2883,0.28581
2884,0.28571
2885,0.28562
2886,0.28552
2887,0.28542
2888,0.28532
2889,0.28522
2890,0.28512
2891,0.28537
2892,0.28527
2893,0.28517
2894,0.28542
2895,0.28532
2896,0.28522
2897,0.28512
2898,0.28502
2899,0.28527
2900,0.28517
2901,0.28542
2902,0.28567
2903,0.28557
2904,0.28547
2905,0.28537
2906,0.28527
2907,0.28517
2908,0.28508
2909,0.28498
2910,0.28488
2911,0.28478
2912,0.28503
2913,0.28493
2914,0.28518
2915,0.28542
2916,0.28567
2917,0.28557
2918,0.28547
2919,0.28537
2920,0.28527
2921,0.28518
2922,0.28542
2923,0.28532
2924,0.28523
2925,0.28513
2926,0.28503
2927,0.28493
2928,0.28484
2929,0.28508
2930,0.28532
2931,0.28557
2932,0.28581
2933,0.28571
2934,0.28562
2935,0.28552
2936,0.28542
2937,0.28533
2938,0.28523
2939,0.28513
2940,0.28503
2941,0.28494
2942,0.28484
2943,0.28474
2944,0.28465
2945,0.28455
2946,0.28445
2947,0.2847
2948,0.28494
2949,0.28518
2950,0.28542
2951,0.28533
2952,0.28523
2953,0.28513
2954,0.28538
2955,0.28528
2956,0.28518
2957,0.28509
2958,0.28499
2959,0.28489
2960,0.2848
2961,0.2847
2962,0.2846
2963,0.28451
2964,0.28475
2965,0.28465
2966,0.28456
2967,0.28446
2968,0.2847
2969,0.28494
2970,0.28485
2971,0.28509
2972,0.28499
2973,0.2849
2974,0.2848
2975,0.28504
2976,0.28528
2977,0.28519
2978,0.28509
2979,0.28499
2980,0.2849
2981,0.2848
2982,0.28471
2983,0.28461
2984,0.28452
2985,0.28442
2986,0.28466
2987,0.28457
2988,0.28481
2989,0.28505
2990,0.28495
2991,0.28519
2992,0.28509
2993,0.28533
2994,0.28557
2995,0.28581
2996,0.28571
2997,0.28562
2998,0.28552
2999,0.28543
3000,0.28567
3001,0.2859
3002,0.28581
3003,0.28571
3004,0.28562
3005,0.28586
3006,0.28576
3007,0.28567
3008,0.2859
3009,0.28581
3010,0.28571
3011,0.28595
3012,0.28586
3013,0.28609
3014,0.286
3015,0.2859
3016,0.28581
3017,0.28605
3018,0.28628
3019,0.28652
3020,0.28675
3021,0.28666
3022,0.28657
3023,0.2868
3024,0.28671
3025,0.28661
3026,0.28652
3027,0.28642
3028,0.28666
3029,0.28656
3030,0.28647
3031,0.28637
3032,0.28628
3033,0.28619
3034,0.28609
3035,0.286
3036,0.28623
3037,0.28614
3038,0.28637
3039,0.28628
3040,0.28618
3041,0.28609
3042,0.286
3043,0.2859
3044,0.28581
3045,0.28571
3046,0.28595
3047,0.28618
3048,0.28609
3049,0.286
3050,0.2859
3051,0.28581
3052,0.28571
3053,0.28562
3054,0.28553
3055,0.28543
3056,0.28534
3057,0.28525
3058,0.28515
3059,0.28506
3060,0.28497
3061,0.28487
3062,0.28478
3063,0.28469
3064,0.2846
3065,0.28483
3066,0.28474
3067,0.28497
3068,0.28488
3069,0.28478
3070,0.28469
3071,0.28492
3072,0.28483
3073,0.28474
3074,0.28465
3075,0.28455
3076,0.28446
3077,0.28437
3078,0.2846
3079,0.28451
3080,0.28442
3081,0.28432
3082,0.28423
3083,0.28414
3084,0.28405
