games_played,spy_win_ratio
1,0.0
2,0.5
3,0.66667
4,0.75
5,0.8
6,0.83333
7,0.85714
8,0.875
9,0.88889
10,0.9
11,0.90909
12,0.91667
13,0.92308
14,0.92857
15,0.93333
16,0.9375
17,0.94118
18,0.94444
19,0.94737
20,0.95
21,0.95238
22,0.95455
23,0.95652
24,0.95833
25,0.96
26,0.96154
27,0.96296
28,0.96429
29,0.96552
30,0.96667
31,0.96774
32,0.96875
33,0.9697
34,0.97059
35,0.97143
36,0.97222
37,0.97297
38,0.97368
39,0.97436
40,0.975
41,0.97561
42,0.97619
43,0.97674
44,0.97727
45,0.97778
46,0.97826
47,0.97872
48,0.97917
49,0.97959
50,0.98
51,0.98039
52,0.98077
53,0.98113
54,0.98148
55,0.98182
56,0.98214
57,0.98246
58,0.98276
59,0.98305
60,0.98333
61,0.98361
62,0.98387
63,0.98413
64,0.98438
65,0.98462
66,0.98485
67,0.98507
68,0.98529
69,0.98551
70,0.98571
71,0.98592
72,0.98611
73,0.9863
74,0.98649
75,0.98667
76,0.98684
77,0.98701
78,0.98718
79,0.98734
80,0.9875
81,0.98765
82,0.9878
83,0.98795
84,0.9881
85,0.98824
86,0.98837
87,0.98851
88,0.98864
89,0.98876
90,0.98889
91,0.98901
92,0.98913
93,0.98925
94,0.98936
95,0.98947
96,0.98958
97,0.98969
98,0.9898
99,0.9899
100,0.99
101,0.9901
102,0.9902
103,0.99029
104,0.99038
105,0.99048
106,0.99057
107,0.99065
108,0.99074
109,0.99083
110,0.99091
111,0.99099
112,0.99107
113,0.99115
114,0.99123
115,0.9913
116,0.99138
117,0.99145
118,0.99153
119,0.9916
120,0.99167
121,0.99174
122,0.9918
123,0.99187
124,0.99194
125,0.992
126,0.99206
127,0.99213
128,0.99219
129,0.99225
130,0.99231
131,0.99237
132,0.99242
133,0.99248
134,0.99254
135,0.99259
136,0.99265
137,0.9927
138,0.99275
139,0.99281
140,0.99286
141,0.99291
142,0.99296
143,0.99301
144,0.99306
145,0.9931
146,0.99315
147,0.9932
148,0.99324
149,0.99329
150,0.99333
151,0.99338
152,0.99342
153,0.99346
154,0.99351
155,0.99355
156,0.99359
157,0.99363
158,0.99367
159,0.99371
160,0.99375
161,0.99379
162,0.99383
163,0.99387
164,0.9939
165,0.99394
166,0.99398
167,0.99401
168,0.99405
169,0.99408
170,0.99412
171,0.99415
172,0.99419
173,0.98844
174,0.98851
175,0.98857
176,0.98864
177,0.9887
178,0.98876
179,0.98883
180,0.98889
181,0.98895
182,0.98901
183,0.98907
184,0.98913
185,0.98919
186,0.98925
187,0.9893
188,0.98936
189,0.98942
190,0.98947
191,0.98953
192,0.98958
193,0.98964
194,0.98969
195,0.98974
196,0.98469
197,0.98477
198,0.98485
199,0.98492
200,0.985
201,0.98507
202,0.98515
203,0.98522
204,0.98039
205,0.98049
206,0.98058
207,0.98068
208,0.98077
209,0.98086
210,0.98095
211,0.98104
212,0.98113
213,0.98122
214,0.98131
215,0.9814
216,0.98148
217,0.98157
218,0.98165
219,0.98174
220,0.98182
221,0.9819
222,0.98198
223,0.98206
224,0.98214
225,0.98222
226,0.9823
227,0.98238
228,0.98246
229,0.98253
230,0.98261
231,0.98268
232,0.98276
233,0.98283
234,0.98291
235,0.98298
236,0.98305
237,0.98312
238,0.98319
239,0.98326
240,0.98333
241,0.9834
242,0.98347
243,0.98354
244,0.98361
245,0.97959
246,0.97967
247,0.97976
248,0.97984
249,0.9759
250,0.976
251,0.9761
252,0.97619
253,0.97628
254,0.97638
255,0.97647
256,0.97656
257,0.97665
258,0.97674
259,0.97683
260,0.97692
261,0.97701
262,0.9771
263,0.97719
264,0.97727
265,0.97736
266,0.97744
267,0.97753
268,0.97761
269,0.9777
270,0.97778
271,0.97786
272,0.97794
273,0.97802
274,0.9781
275,0.97818
276,0.97826
277,0.97834
278,0.97842
279,0.97849
280,0.97857
281,0.97865
282,0.97872
283,0.9788
284,0.97887
285,0.97895
286,0.97902
287,0.97909
288,0.97917
289,0.97924
290,0.97931
291,0.97938
292,0.97945
293,0.97952
294,0.97959
295,0.97966
296,0.97973
297,0.9798
298,0.97987
299,0.97993
300,0.98
301,0.98007
302,0.98013
303,0.9802
304,0.98026
305,0.98033
306,0.98039
307,0.98046
308,0.98052
309,0.98058
310,0.98065
311,0.98071
312,0.98077
313,0.98083
314,0.98089
315,0.98095
316,0.98101
317,0.98107
318,0.98113
319,0.98119
320,0.98125
321,0.98131
322,0.98137
323,0.98142
324,0.98148
325,0.98154
326,0.9816
327,0.98165
328,0.98171
329,0.98176
330,0.98182
331,0.98187
332,0.98193
333,0.98198
334,0.98204
335,0.98209
336,0.98214
337,0.9822
338,0.98225
339,0.9823
340,0.98235
341,0.9824
342,0.98246
343,0.98251
344,0.98256
345,0.98261
346,0.98266
347,0.98271
348,0.98276
349,0.98281
350,0.98286
351,0.98291
352,0.98295
353,0.983
354,0.98305
355,0.9831
356,0.98315
357,0.98319
358,0.98324
359,0.98329
360,0.98333
361,0.98338
362,0.98343
363,0.98347
364,0.98352
365,0.98356
366,0.98361
367,0.98365
368,0.9837
369,0.98374
370,0.98378
371,0.98383
372,0.98387
373,0.98391
374,0.98396
375,0.984
376,0.98404
377,0.98408
378,0.98413
379,0.98417
380,0.98421
381,0.98425
382,0.98429
383,0.98433
384,0.98438
385,0.98442
386,0.98446
387,0.9845
388,0.98454
389,0.98458
390,0.98462
391,0.98465
392,0.98469
393,0.98473
394,0.98477
395,0.98481
396,0.98485
397,0.98489
398,0.98492
399,0.98496
400,0.985
401,0.98504
402,0.98507
403,0.98511
404,0.98515
405,0.98519
406,0.98522
407,0.98526
408,0.98284
409,0.98289
410,0.98293
411,0.98297
412,0.98301
413,0.98305
414,0.98309
415,0.98072
416,0.98077
417,0.98082
418,0.98086
419,0.98091
420,0.98095
421,0.981
422,0.98104
423,0.98109
424,0.98113
425,0.98118
426,0.98122
427,0.98126
428,0.98131
429,0.98135
430,0.9814
431,0.98144
432,0.98148
433,0.98152
434,0.98157
435,0.98161
436,0.98165
437,0.98169
438,0.98174
439,0.98178
440,0.98182
441,0.98186
442,0.9819
443,0.98194
444,0.98198
445,0.98202
446,0.98206
447,0.9821
448,0.98214
449,0.98218
450,0.98222
451,0.98226
452,0.9823
453,0.98234
454,0.98238
455,0.98242
456,0.98246
457,0.98249
458,0.98253
459,0.98257
460,0.98261
461,0.98265
462,0.98268
463,0.98272
464,0.98276
465,0.9828
466,0.98283
467,0.98287
468,0.98291
469,0.98294
470,0.98298
471,0.98301
472,0.98305
473,0.98309
474,0.98312
475,0.98316
476,0.98319
477,0.98323
478,0.98326
479,0.9833
480,0.98125
481,0.98129
482,0.98133
483,0.98137
484,0.9814
485,0.98144
486,0.98148
487,0.98152
488,0.98156
489,0.9816
490,0.98163
491,0.98167
492,0.98171
493,0.98174
494,0.98178
495,0.98182
496,0.98185
497,0.98189
498,0.98193
499,0.98196
500,0.982
501,0.98204
502,0.98207
503,0.98211
504,0.98214
505,0.98218
506,0.98221
507,0.98225
508,0.98228
509,0.98232
510,0.98235
511,0.98239
512,0.98242
513,0.98246
514,0.98249
515,0.98252
516,0.98256
517,0.98259
518,0.98263
519,0.98266
520,0.98269
521,0.98273
522,0.98276
523,0.98279
524,0.98282
525,0.98286
526,0.98289
527,0.98102
528,0.98106
529,0.9811
530,0.97925
531,0.9774
532,0.97744
533,0.97749
534,0.97566
535,0.9757
536,0.97575
537,0.97579
538,0.97584
539,0.97588
540,0.97593
541,0.97597
542,0.97601
543,0.97606
544,0.9761
545,0.97615
546,0.97619
547,0.97623
548,0.97628
549,0.97632
550,0.97636
551,0.97641
552,0.97645
553,0.97649
554,0.97653
555,0.97658
556,0.97662
557,0.97666
558,0.9767
559,0.97674
560,0.97679
561,0.97683
562,0.97687
563,0.97691
564,0.97695
565,0.97699
566,0.97703
567,0.97707
568,0.97711
569,0.97715
570,0.97719
571,0.97723
572,0.97727
573,0.97731
574,0.97735
575,0.97739
576,0.97743
577,0.97574
578,0.97578
579,0.97582
580,0.97586
581,0.9759
582,0.97595
583,0.97599
584,0.97603
585,0.97607
586,0.97611
587,0.97615
588,0.97619
589,0.97623
590,0.97458
591,0.97462
592,0.97466
593,0.9747
594,0.97475
595,0.97479
596,0.97483
597,0.97487
598,0.97492
599,0.97496
600,0.975
601,0.97504
602,0.97508
603,0.97512
604,0.97517
605,0.97521
606,0.97525
607,0.97529
608,0.97533
609,0.97537
610,0.97541
611,0.97545
612,0.97549
613,0.97553
614,0.97557
615,0.97561
616,0.97565
617,0.97569
618,0.97573
619,0.97577
620,0.97419
621,0.97424
622,0.97428
623,0.97432
624,0.97436
625,0.9744
626,0.97444
627,0.97448
628,0.97293
629,0.97297
630,0.97302
631,0.97306
632,0.9731
633,0.97314
634,0.97319
635,0.97323
636,0.97327
637,0.97331
638,0.97335
639,0.9734
640,0.97344
641,0.97348
642,0.97352
643,0.97356
644,0.9736
645,0.97364
646,0.97368
647,0.97372
648,0.97377
649,0.97381
650,0.97385
651,0.97389
652,0.97393
653,0.97397
654,0.97401
655,0.97405
656,0.97409
657,0.97412
658,0.97416
659,0.9742
660,0.97424
661,0.97428
662,0.97432
663,0.97436
664,0.9744
665,0.97444
666,0.97447
667,0.97451
668,0.97455
669,0.97459
670,0.97463
671,0.97466
672,0.9747
673,0.97474
674,0.97478
675,0.97481
676,0.97485
677,0.97489
678,0.97493
679,0.97496
680,0.975
681,0.97504
682,0.97507
683,0.97511
684,0.97515
685,0.97518
686,0.97522
687,0.97525
688,0.97529
689,0.97533
690,0.97536
691,0.9754
692,0.97543
693,0.97547
694,0.9755
695,0.97554
696,0.97557
697,0.97561
698,0.97564
699,0.97568
700,0.97571
701,0.97575
702,0.97578
703,0.9744
704,0.97443
705,0.97447
706,0.9745
707,0.97454
708,0.97458
709,0.97461
710,0.97465
711,0.97468
712,0.97472
713,0.97475
714,0.97479
715,0.97483
716,0.97486
717,0.9749
718,0.97493
719,0.97497
720,0.975
721,0.97503
722,0.97507
723,0.9751
724,0.97514
725,0.97517
726,0.97521
727,0.97524
728,0.97527
729,0.97531
730,0.97534
731,0.97538
732,0.97541
733,0.97544
734,0.97548
735,0.97551
736,0.97554
737,0.97558
738,0.97561
739,0.97564
740,0.97568
741,0.97571
742,0.97574
743,0.97577
744,0.97581
745,0.97584
746,0.97587
747,0.9759
748,0.97594
749,0.97597
750,0.976
751,0.97603
752,0.97606
753,0.9761
754,0.97613
755,0.97616
756,0.97619
757,0.97622
758,0.97493
759,0.97497
760,0.975
761,0.97503
762,0.97507
763,0.9751
764,0.97513
765,0.97516
766,0.9752
767,0.97523
768,0.97526
769,0.97529
770,0.97532
771,0.97536
772,0.97539
773,0.97542
774,0.97545
775,0.97548
776,0.97552
777,0.97555
778,0.97558
779,0.97561
780,0.97564
781,0.97567
782,0.9757
783,0.97573
784,0.97577
785,0.9758
786,0.97583
787,0.97586
788,0.97589
789,0.97592
790,0.97595
791,0.97598
792,0.97601
793,0.97604
794,0.97607
795,0.9761
796,0.97613
797,0.97616
798,0.97619
799,0.97622
800,0.97625
801,0.97628
802,0.97631
803,0.97634
804,0.97637
805,0.9764
806,0.97643
807,0.97646
808,0.97649
809,0.97651
810,0.97654
811,0.97657
812,0.9766
813,0.97663
814,0.97666
815,0.97669
816,0.97672
817,0.97674
818,0.97677
819,0.9768
820,0.97683
821,0.97686
822,0.97689
823,0.97691
824,0.97694
825,0.97697
826,0.977
827,0.97703
828,0.97705
829,0.97708
830,0.97711
831,0.97714
832,0.97716
833,0.97719
834,0.97722
835,0.97725
836,0.97727
837,0.9773
838,0.97733
839,0.97735
840,0.97738
841,0.97741
842,0.97743
843,0.97746
844,0.97749
845,0.97751
846,0.97754
847,0.97757
848,0.97759
849,0.97762
850,0.97765
851,0.97767
852,0.9777
853,0.97773
854,0.97775
855,0.97778
856,0.9778
857,0.97783
858,0.97786
859,0.97788
860,0.97791
861,0.97793
862,0.97796
863,0.97798
864,0.97801
865,0.97803
866,0.97806
867,0.97809
868,0.97811
869,0.97814
870,0.97816
871,0.97819
872,0.97821
873,0.97824
874,0.97826
875,0.97829
876,0.97831
877,0.97834
878,0.97836
879,0.97838
880,0.97841
881,0.97843
882,0.97846
883,0.97848
884,0.97851
885,0.97853
886,0.97856
887,0.97858
888,0.9786
889,0.97863
890,0.97753
891,0.97755
892,0.97758
893,0.9776
894,0.97763
895,0.97765
896,0.97768
897,0.9777
898,0.97773
899,0.97775
900,0.97778
901,0.9778
902,0.97783
903,0.97785
904,0.97788
905,0.9768
906,0.97682
907,0.97685
908,0.97687
909,0.9769
910,0.97692
911,0.97695
912,0.97697
913,0.977
914,0.97702
915,0.97705
916,0.97707
917,0.9771
918,0.97712
919,0.97715
920,0.97717
921,0.9772
922,0.97722
923,0.97725
924,0.97727
925,0.9773
926,0.97732
927,0.97735
928,0.97737
929,0.9774
930,0.97742
931,0.97744
932,0.97747
933,0.97749
934,0.97752
935,0.97754
936,0.97756
937,0.97759
938,0.97761
939,0.97764
940,0.97766
941,0.97768
942,0.97771
943,0.97773
944,0.97775
945,0.97778
946,0.9778
947,0.97782
948,0.97785
949,0.97682
950,0.97684
951,0.97687
952,0.97689
953,0.97587
954,0.97589
955,0.97487
956,0.97385
957,0.97388
958,0.9739
959,0.97393
960,0.97396
961,0.97399
962,0.97297
963,0.973
964,0.97303
965,0.97306
966,0.97308
967,0.97311
968,0.97314
969,0.97317
970,0.9732
971,0.97322
972,0.97325
973,0.97328
974,0.97331
975,0.97333
976,0.97336
977,0.97339
978,0.97342
979,0.97344
980,0.97347
981,0.9735
982,0.97352
983,0.97355
984,0.97358
985,0.9736
986,0.97363
987,0.97366
988,0.97368
989,0.97371
990,0.97374
991,0.97376
992,0.97379
993,0.97382
994,0.97384
995,0.97387
996,0.9739
997,0.97392
998,0.97395
999,0.97297
1000,0.973
1001,0.97303
1002,0.97305
1003,0.97308
1004,0.97311
1005,0.97313
1006,0.97316
1007,0.97319
1008,0.97321
1009,0.97324
1010,0.97327
1011,0.97329
1012,0.97332
1013,0.97335
1014,0.97337
1015,0.9734
1016,0.97343
1017,0.97345
1018,0.97348
1019,0.9735
1020,0.97353
1021,0.97356
1022,0.97358
1023,0.97361
1024,0.97363
1025,0.97366
1026,0.97368
1027,0.97371
1028,0.97374
1029,0.97376
1030,0.97379
1031,0.97381
1032,0.97384
1033,0.97386
1034,0.97389
1035,0.97391
1036,0.97394
1037,0.97396
1038,0.97399
1039,0.97401
1040,0.97404
1041,0.97406
1042,0.97313
1043,0.97315
1044,0.97318
1045,0.97321
1046,0.97323
1047,0.97326
1048,0.97328
1049,0.97331
1050,0.97333
1051,0.97336
1052,0.97338
1053,0.97341
1054,0.97343
1055,0.97346
1056,0.97348
1057,0.97351
1058,0.97353
1059,0.97356
1060,0.97358
1061,0.97361
1062,0.97363
1063,0.97366
1064,0.97368
1065,0.97371
1066,0.97373
1067,0.97376
1068,0.97378
1069,0.97381
1070,0.97383
1071,0.97386
1072,0.97388
1073,0.9739
1074,0.97393
1075,0.97395
1076,0.97398
1077,0.974
1078,0.97403
1079,0.97405
1080,0.97407
1081,0.9741
1082,0.97412
1083,0.97415
1084,0.97417
1085,0.97419
1086,0.97422
1087,0.97424
1088,0.97426
1089,0.97429
1090,0.97431
1091,0.97434
1092,0.97436
1093,0.97438
1094,0.97441
1095,0.97443
1096,0.97445
1097,0.97448
1098,0.9745
1099,0.97452
1100,0.97455
1101,0.97457
1102,0.97459
1103,0.97461
1104,0.97464
1105,0.97466
1106,0.97468
1107,0.97471
1108,0.97473
1109,0.97475
1110,0.97477
1111,0.9748
1112,0.97482
1113,0.97484
1114,0.97487
1115,0.97489
1116,0.97491
1117,0.97493
1118,0.97496
1119,0.97498
1120,0.975
1121,0.97502
1122,0.97504
1123,0.97507
1124,0.97509
1125,0.97511
1126,0.97513
1127,0.97516
1128,0.97518
1129,0.9752
1130,0.97522
1131,0.97524
1132,0.97527
1133,0.97529
1134,0.97531
1135,0.97533
1136,0.97535
1137,0.97537
1138,0.9754
1139,0.97542
1140,0.97544
1141,0.97546
1142,0.97548
1143,0.9755
1144,0.97552
1145,0.97555
1146,0.97557
1147,0.97559
1148,0.97561
1149,0.97563
1150,0.97565
1151,0.97567
1152,0.97569
1153,0.97485
1154,0.97487
1155,0.97489
1156,0.97491
1157,0.97494
1158,0.97496
1159,0.97498
1160,0.975
1161,0.97502
1162,0.97418
1163,0.9742
1164,0.97423
1165,0.97425
1166,0.97427
1167,0.97429
1168,0.97432
1169,0.97434
1170,0.97436
1171,0.97438
1172,0.9744
1173,0.97442
1174,0.97445
1175,0.97447
1176,0.97449
1177,0.97451
1178,0.97453
1179,0.97455
1180,0.97458
1181,0.9746
1182,0.97462
1183,0.97464
1184,0.97466
1185,0.97468
1186,0.9747
1187,0.97473
1188,0.97475
1189,0.97477
1190,0.97479
1191,0.97481
1192,0.97483
1193,0.97485
1194,0.97487
1195,0.9749
1196,0.97492
1197,0.97494
1198,0.97496
1199,0.97498
1200,0.975
1201,0.97502
1202,0.97504
1203,0.97506
1204,0.97508
1205,0.9751
1206,0.97512
1207,0.97514
1208,0.97517
1209,0.97519
1210,0.97521
1211,0.97523
1212,0.97525
1213,0.97527
1214,0.97529
1215,0.97531
1216,0.97533
1217,0.97535
1218,0.97537
1219,0.97539
1220,0.97541
1221,0.97543
1222,0.97545
1223,0.97547
1224,0.97549
1225,0.97551
1226,0.97553
1227,0.97555
1228,0.97557
1229,0.97559
1230,0.97561
1231,0.97563
1232,0.97565
1233,0.97567
1234,0.97569
1235,0.97571
1236,0.97573
1237,0.97575
1238,0.97577
1239,0.97579
1240,0.97581
1241,0.97583
1242,0.97585
1243,0.97586
1244,0.97588
1245,0.9759
1246,0.97592
1247,0.97594
1248,0.97596
1249,0.97598
1250,0.976
1251,0.97602
1252,0.97604
1253,0.97606
1254,0.97608
1255,0.9761
1256,0.97611
1257,0.97613
1258,0.97615
1259,0.97617
1260,0.97619
1261,0.97621
1262,0.97623
1263,0.97625
1264,0.97627
1265,0.97628
1266,0.9763
1267,0.97632
1268,0.97634
1269,0.97636
1270,0.97638
1271,0.9764
1272,0.97642
1273,0.97643
1274,0.97645
1275,0.97647
1276,0.97649
1277,0.97651
1278,0.97653
1279,0.97576
1280,0.97578
1281,0.9758
1282,0.97582
1283,0.97584
1284,0.97586
1285,0.97588
1286,0.97589
1287,0.97514
1288,0.97516
1289,0.97517
1290,0.97519
1291,0.97521
1292,0.97523
1293,0.97525
1294,0.97527
1295,0.97529
1296,0.97531
1297,0.97533
1298,0.97535
1299,0.97537
1300,0.97538
1301,0.9754
1302,0.97542
1303,0.97544
1304,0.97546
1305,0.97548
1306,0.9755
1307,0.97552
1308,0.97554
1309,0.97555
1310,0.97557
1311,0.97483
1312,0.97485
1313,0.97487
1314,0.97489
1315,0.9749
1316,0.97492
1317,0.97494
1318,0.97496
1319,0.97498
1320,0.975
1321,0.97502
1322,0.97504
1323,0.97506
1324,0.97508
1325,0.97509
1326,0.97511
1327,0.97513
1328,0.97515
1329,0.97517
1330,0.97519
1331,0.97521
1332,0.97523
1333,0.97524
1334,0.97526
1335,0.97528
1336,0.9753
1337,0.97532
1338,0.97534
1339,0.97535
1340,0.97537
1341,0.97539
1342,0.97541
1343,0.97543
1344,0.97545
1345,0.97546
1346,0.97548
1347,0.9755
1348,0.97552
1349,0.97554
1350,0.97481
1351,0.97483
1352,0.97485
1353,0.97487
1354,0.97489
1355,0.97491
1356,0.97493
1357,0.97494
1358,0.97496
1359,0.97498
1360,0.975
1361,0.97502
1362,0.97504
1363,0.97506
1364,0.97507
1365,0.97509
1366,0.97511
1367,0.97513
1368,0.97515
1369,0.97516
1370,0.97518
1371,0.97447
1372,0.97449
1373,0.97451
1374,0.97453
1375,0.97455
1376,0.97456
1377,0.97458
1378,0.9746
1379,0.97462
1380,0.97464
1381,0.97466
1382,0.97467
1383,0.97469
1384,0.97471
1385,0.97473
1386,0.97475
1387,0.97477
1388,0.97478
1389,0.9748
1390,0.97482
1391,0.97484
1392,0.97486
1393,0.97487
1394,0.97489
1395,0.97491
1396,0.97493
1397,0.97495
1398,0.97496
1399,0.97498
1400,0.975
1401,0.97502
1402,0.97504
1403,0.97505
1404,0.97507
1405,0.97509
1406,0.97511
1407,0.97512
1408,0.97514
1409,0.97516
1410,0.97518
1411,0.97519
1412,0.97521
1413,0.97523
1414,0.97525
1415,0.97527
1416,0.97528
1417,0.9753
1418,0.97532
1419,0.97533
1420,0.97535
1421,0.97537
1422,0.97539
1423,0.9754
1424,0.97542
1425,0.97544
1426,0.97546
1427,0.97547
1428,0.97549
1429,0.97551
1430,0.97552
1431,0.97554
1432,0.97556
1433,0.97558
1434,0.97559
1435,0.97561
1436,0.97563
1437,0.97564
1438,0.97566
1439,0.97568
1440,0.97569
1441,0.97571
1442,0.97573
1443,0.97574
1444,0.97576
1445,0.97578
1446,0.9758
1447,0.97581
1448,0.97583
1449,0.97585
1450,0.97586
1451,0.97588
1452,0.9759
1453,0.97591
1454,0.97524
1455,0.97526
1456,0.97527
1457,0.97529
1458,0.97531
1459,0.97533
1460,0.97534
1461,0.97536
1462,0.97538
1463,0.97539
1464,0.97541
1465,0.97543
1466,0.97544
1467,0.97546
1468,0.97548
1469,0.97549
1470,0.97551
1471,0.97553
1472,0.97554
1473,0.97556
1474,0.9749
1475,0.97492
1476,0.97493
1477,0.97495
1478,0.97497
1479,0.97498
1480,0.975
1481,0.97502
1482,0.97503
1483,0.97505
1484,0.97507
1485,0.97508
1486,0.9751
1487,0.97512
1488,0.97513
1489,0.97515
1490,0.97517
1491,0.97518
1492,0.97453
1493,0.97455
1494,0.97456
1495,0.97458
1496,0.9746
1497,0.97462
1498,0.97463
1499,0.97465
1500,0.97467
1501,0.97468
1502,0.9747
1503,0.97472
1504,0.97473
1505,0.97475
1506,0.97477
1507,0.97412
1508,0.97414
1509,0.97416
1510,0.97417
1511,0.97419
1512,0.97421
1513,0.97422
1514,0.97424
1515,0.97426
1516,0.97427
1517,0.97429
1518,0.97431
1519,0.97433
1520,0.97434
1521,0.97436
1522,0.97438
1523,0.97439
1524,0.97441
1525,0.97443
1526,0.97444
1527,0.97446
1528,0.97448
1529,0.97449
1530,0.97451
1531,0.97387
1532,0.97389
1533,0.97391
1534,0.97392
1535,0.97394
1536,0.97396
1537,0.97398
1538,0.97399
1539,0.97401
1540,0.97403
1541,0.97404
1542,0.97406
1543,0.97408
1544,0.97409
1545,0.97411
1546,0.97413
1547,0.97414
1548,0.97416
1549,0.97418
1550,0.97419
1551,0.97421
1552,0.97423
1553,0.97424
1554,0.97426
1555,0.97428
1556,0.97429
1557,0.97431
1558,0.97433
1559,0.97434
1560,0.97436
1561,0.97438
1562,0.97439
1563,0.97441
1564,0.97442
1565,0.97444
1566,0.97446
1567,0.97447
1568,0.97449
1569,0.97387
1570,0.97389
1571,0.9739
1572,0.97392
1573,0.97394
1574,0.97395
1575,0.97397
1576,0.97398
1577,0.974
1578,0.97402
1579,0.97403
1580,0.97405
1581,0.97407
1582,0.97408
1583,0.9741
1584,0.97412
1585,0.97413
1586,0.97415
1587,0.97417
1588,0.97418
1589,0.9742
1590,0.97421
1591,0.97423
1592,0.97425
1593,0.97426
1594,0.97428
1595,0.97429
1596,0.97431
1597,0.97433
1598,0.97434
1599,0.97436
1600,0.97437
1601,0.97439
1602,0.97441
1603,0.97442
1604,0.97444
1605,0.97445
1606,0.97447
1607,0.97449
1608,0.9745
1609,0.97452
1610,0.97453
1611,0.97455
1612,0.97457
1613,0.97458
1614,0.9746
1615,0.97461
1616,0.97463
1617,0.97464
1618,0.97466
1619,0.97468
1620,0.97469
1621,0.97471
1622,0.97472
1623,0.97474
1624,0.97475
1625,0.97477
1626,0.97478
1627,0.9748
1628,0.97482
1629,0.97483
1630,0.97485
1631,0.97486
1632,0.97488
1633,0.97428
1634,0.9743
1635,0.97431
1636,0.97433
1637,0.97434
1638,0.97436
1639,0.97437
1640,0.97439
1641,0.97441
1642,0.97442
1643,0.97444
1644,0.97445
1645,0.97447
1646,0.97448
1647,0.9745
1648,0.97451
1649,0.97453
1650,0.97455
1651,0.97456
1652,0.97458
1653,0.97459
1654,0.97461
1655,0.97462
1656,0.97464
1657,0.97465
1658,0.97467
1659,0.97468
1660,0.9747
1661,0.97471
1662,0.97473
1663,0.97474
1664,0.97476
1665,0.97477
1666,0.97479
1667,0.97481
1668,0.97482
1669,0.97484
1670,0.97485
1671,0.97487
1672,0.97428
1673,0.9743
1674,0.97431
1675,0.97433
1676,0.97434
1677,0.97376
1678,0.97378
1679,0.97379
1680,0.97381
1681,0.97383
1682,0.97384
1683,0.97386
1684,0.97387
1685,0.97389
1686,0.9739
1687,0.97392
1688,0.97393
1689,0.97395
1690,0.97396
1691,0.97398
1692,0.974
1693,0.97401
1694,0.97403
1695,0.97404
1696,0.97406
1697,0.97407
1698,0.97409
1699,0.9741
1700,0.97412
1701,0.97413
1702,0.97415
1703,0.97416
1704,0.97418
1705,0.97419
1706,0.97421
1707,0.97422
1708,0.97424
1709,0.97367
1710,0.97368
1711,0.9737
1712,0.97371
1713,0.97373
1714,0.97375
1715,0.97376
1716,0.97378
1717,0.97379
1718,0.97381
1719,0.97382
1720,0.97384
1721,0.97385
1722,0.97329
1723,0.9733
1724,0.97332
1725,0.97333
1726,0.97335
1727,0.97336
1728,0.97338
1729,0.97282
1730,0.97283
1731,0.97285
1732,0.97286
1733,0.97288
1734,0.9729
1735,0.97291
1736,0.97293
1737,0.97294
1738,0.97296
1739,0.97297
1740,0.97299
1741,0.973
1742,0.97302
1743,0.97303
1744,0.97305
1745,0.97307
1746,0.97308
1747,0.9731
1748,0.97311
1749,0.97313
1750,0.97314
1751,0.97316
1752,0.97317
1753,0.97319
1754,0.9732
1755,0.97322
1756,0.97323
1757,0.97325
1758,0.97327
1759,0.97328
1760,0.9733
1761,0.97331
1762,0.97333
1763,0.97334
1764,0.97336
1765,0.97337
1766,0.97339
1767,0.9734
1768,0.97342
1769,0.97343
1770,0.97345
1771,0.97346
1772,0.97348
1773,0.97349
1774,0.97351
1775,0.97352
1776,0.97354
1777,0.97355
1778,0.97357
1779,0.97358
1780,0.9736
1781,0.97361
1782,0.97363
1783,0.97364
1784,0.97365
1785,0.97367
1786,0.97368
1787,0.9737
1788,0.97371
1789,0.97373
1790,0.97374
1791,0.97376
1792,0.97377
1793,0.97379
1794,0.9738
1795,0.97382
1796,0.97383
1797,0.97385
1798,0.97386
1799,0.97387
1800,0.97389
1801,0.9739
1802,0.97392
1803,0.97393
1804,0.97395
1805,0.97396
1806,0.97398
1807,0.97399
1808,0.974
1809,0.97402
1810,0.97403
1811,0.97405
1812,0.97406
1813,0.97408
1814,0.97409
1815,0.9741
1816,0.97412
1817,0.97413
1818,0.97415
1819,0.97416
1820,0.97418
1821,0.97419
1822,0.9742
1823,0.97422
1824,0.97423
1825,0.97425
1826,0.97426
1827,0.97427
1828,0.97429
1829,0.9743
1830,0.97432
1831,0.97433
1832,0.97434
1833,0.97436
1834,0.97437
1835,0.97439
1836,0.9744
1837,0.97441
1838,0.97443
1839,0.97444
1840,0.97446
1841,0.97447
1842,0.97394
1843,0.97396
1844,0.97397
1845,0.97398
1846,0.974
1847,0.97401
1848,0.97403
1849,0.97404
1850,0.97405
1851,0.97407
1852,0.97408
1853,0.9741
1854,0.97357
1855,0.97358
1856,0.9736
1857,0.97361
1858,0.97363
1859,0.9731
1860,0.97312
1861,0.97313
1862,0.97315
1863,0.97316
1864,0.97318
1865,0.97319
1866,0.9732
1867,0.97322
1868,0.97323
1869,0.97325
1870,0.97326
1871,0.97328
1872,0.97329
1873,0.9733
1874,0.97332
1875,0.97333
1876,0.97335
1877,0.97336
1878,0.97338
1879,0.97339
1880,0.9734
1881,0.97342
1882,0.97343
1883,0.97345
1884,0.97346
1885,0.97347
1886,0.97349
1887,0.9735
1888,0.97352
1889,0.97353
1890,0.97354
1891,0.97356
1892,0.97357
1893,0.97359
1894,0.9736
1895,0.97361
1896,0.97363
1897,0.97364
1898,0.97366
1899,0.97367
1900,0.97368
1901,0.9737
1902,0.97371
1903,0.97373
1904,0.97374
1905,0.97375
1906,0.97377
1907,0.97378
1908,0.97379
1909,0.97381
1910,0.97382
1911,0.97384
1912,0.97385
1913,0.97386
1914,0.97388
1915,0.97389
1916,0.9739
1917,0.97392
1918,0.97341
1919,0.97342
1920,0.97344
1921,0.97345
1922,0.97347
1923,0.97296
1924,0.97297
1925,0.97299
1926,0.973
1927,0.97302
1928,0.97303
1929,0.97304
1930,0.97306
1931,0.97255
1932,0.97257
1933,0.97258
1934,0.9726
1935,0.97261
1936,0.97262
1937,0.97264
1938,0.97265
1939,0.97267
1940,0.97216
1941,0.97166
1942,0.97168
1943,0.97169
1944,0.97171
1945,0.97172
1946,0.97174
1947,0.97175
1948,0.97177
1949,0.97178
1950,0.97179
1951,0.97181
1952,0.97182
1953,0.97184
1954,0.97185
1955,0.97187
1956,0.97137
1957,0.97138
1958,0.9714
1959,0.97141
1960,0.97143
1961,0.97144
1962,0.97146
1963,0.97147
1964,0.97149
1965,0.9715
1966,0.97152
1967,0.97102
1968,0.97104
1969,0.97105
1970,0.97107
1971,0.97108
1972,0.9711
1973,0.97111
1974,0.97112
1975,0.97114
1976,0.97115
1977,0.97117
1978,0.97118
1979,0.9712
1980,0.97121
1981,0.97123
1982,0.97124
1983,0.97126
1984,0.97127
1985,0.97128
1986,0.9713
1987,0.97131
1988,0.97133
1989,0.97134
1990,0.97136
1991,0.97137
1992,0.97139
1993,0.9714
1994,0.97141
